0001924	ê³µíê³ì´	ê±´ì¶ê³¼	íê³¼
0001924	ê³µíê³ì´	ê±´ì¶ê³¼	íê³¼
0001975	ê³µíê³ì´	ê±´ì¶ê³¼(3ëì )	ê¸°ì¡´
0001933	ê³µíê³ì´	ê±´ì¶íê³¼	ê¸°ì¡´
0003083	ê³µíê³ì´	ëì§í¸ì ê¸°ê³¼	íê³¼
0038698	ê³µíê³ì´	ëì§í¸ì ê¸°ê³¼(3ëì )	íê³¼
0002535	ê³µíê³ì´	ëì§í¸ì ìê³¼	íê³¼
0002624	ê³µíê³ì´	ëì§í¸ì ìê³¼(3ëì )	íê³¼
0050050	ê³µíê³ì´	ê²ìì½íì¸ ê³¼(3ëì )	ê¸°ì¡´
0002459	ê³µíê³ì´	ì ê¸°ê³¼	ê¸°ì¡´
0003216	ê³µíê³ì´	ì ë³´íµì ê³¼	íê³¼
0003357	ê³µíê³ì´	ì ë³´íµì ê³¼(3ë)	ê¸°ì¡´
0052879	ê³µíê³ì´	ì ìê³µíê³¼(3ëì )	ê¸°ì¡´
0002860	ê³µíê³ì´	ì»´í¨í°ìì©ê³¼	íê³¼
0002987	ê³µíê³ì´	ì»´í¨í°ìíí¸ì¨ì´ê³¼	íê³¼
0038719	ê³µíê³ì´	ì»´í¨í°ìíí¸ì¨ì´ê³¼(3ëì )	ê¸°ì¡´
0002988	ê³µíê³ì´	ì»´í¨í°ìíí¸ì¨ì´íê³¼	ê¸°ì¡´
0002097	ê³µíê³ì´	í ëª©íê²½ê³¼	íê³¼
0002097	ê³µíê³ì´	í ëª©íê²½ê³¼	íê³¼
0038678	ê³µíê³ì´	í ëª©íê²½íê³¼	íê³¼
0003152	ê³µíê³ì´	ì¸í°ë·ì ë³´ê³¼	íê³¼
0001996	ê³µíê³ì´	ì¤ë´ê±´ì¶ê³¼(3ëì )	ê¸°ì¡´
0001938	ê³µíê³ì´	ì¤ë´ê±´ì¶íê³¼	ê¸°ì¡´
0051176	ê³µíê³ì´	íµí©ê±´ì¶ ICT ë§ì´ì¤í°ë ê³¼ì 	ê¸°ì¡´
0041145	ì¸ë¬¸ì¬íê³ì´	ê´ê´ê³¼ ê´ê´ì¤êµ­ì´ì ê³µ	íê³¼
0041147	ì¸ë¬¸ì¬íê³ì´	ê´ê´ê³¼ ê´ê´ìì´ì ê³µ	íê³¼
0041132	ì¸ë¬¸ì¬íê³ì´	ê´ê´ê³¼ í¸íê´ê´ì ê³µ	íê³¼
0041132	ì¸ë¬¸ì¬íê³ì´	ê´ê´ê³¼ í¸íê´ê´ì ê³µ	íê³¼
0000053	ì¸ë¬¸ì¬íê³ì´	ê´ê´ì¤êµ­ì´ê³¼	íê³¼
0000106	ì¸ë¬¸ì¬íê³ì´	ê´ê´ìì´ê³¼	ê¸°ì¡´
0024320	ì¸ë¬¸ì¬íê³ì´	ê¸°í(ììíê³¼ìì)	ê¸°ì¡´
0000352	ì¸ë¬¸ì¬íê³ì´	ê¸°ìê²½ìê³¼	íê³¼
0000373	ì¸ë¬¸ì¬íê³ì´	ë§ì¼íê²½ìê³¼	íê³¼
0000373	ì¸ë¬¸ì¬íê³ì´	ë§ì¼íê²½ìê³¼	íê³¼
0000373	ì¸ë¬¸ì¬íê³ì´	ë§ì¼íê²½ìê³¼	íê³¼
0001445	ì¸ë¬¸ì¬íê³ì´	êµ°ì¬íê³¼	íê³¼
0001445	ì¸ë¬¸ì¬íê³ì´	êµ°ì¬íê³¼	íê³¼
0001445	ì¸ë¬¸ì¬íê³ì´	êµ°ì¬íê³¼	íê³¼
0053591	ì¸ë¬¸ì¬íê³ì´	êµ­ë°©êµ°ì¬íê³¼	ë³ê²½
0041877	ì¸ë¬¸ì¬íê³ì´	ê²½ì°°ê²½í¸ë³´ìê³¼	ê¸°ì¡´
0000738	ì¸ë¬¸ì¬íê³ì´	ê²½ìíê³¼	ê¸°ì¡´
0000738	ì¸ë¬¸ì¬íê³ì´	ê²½ìíê³¼	íê³¼
0041144	ì¸ë¬¸ì¬íê³ì´	ê²½ìíê³¼ ë§ì¼íê²½ìì ê³µ	íê³¼
0041144	ì¸ë¬¸ì¬íê³ì´	ê²½ìíê³¼ ë§ì¼íê²½ìì ê³µ	íê³¼
0041136	ì¸ë¬¸ì¬íê³ì´	ê²½ìíê³¼ ì íµê²½ìì ê³µ	íê³¼
0051163	ì¸ë¬¸ì¬íê³ì´	ê²½ìíê³¼(ì ê³µì¬í)	ê¸°ì¡´
0000781	ì¸ë¬¸ì¬íê³ì´	e-ë¹ì¦ëì¤ê²½ìê³¼	íê³¼
0001207	ì¸ë¬¸ì¬íê³ì´	ì íµë¬¼ë¥ê³¼	ê¸°ì¡´
0001809	ì¸ë¬¸ì¬íê³ì´	ì ìêµì¡ê³¼	íµí©
0001809	ì¸ë¬¸ì¬íê³ì´	ì ìêµì¡ê³¼	íê³¼
0001811	ì¸ë¬¸ì¬íê³ì´	ì ìêµì¡íê³¼	ê¸°ì¡´
0001857	ì¸ë¬¸ì¬íê³ì´	ì ìí¹ìì¬íê³¼	íê³¼
0001864	ì¸ë¬¸ì¬íê³ì´	ì ìí¹ìì¬íê³¼(3ëì )	íê³¼
0001099	ì¸ë¬¸ì¬íê³ì´	ì¸ë¬´íê³ê³¼	ê¸°ì¡´
0001099	ì¸ë¬¸ì¬íê³ì´	ì¸ë¬´íê³ê³¼	ê¸°ì¡´
0000940	ì¸ë¬¸ì¬íê³ì´	í¸íê´ê´ê³¼	íê³¼
0000940	ì¸ë¬¸ì¬íê³ì´	í¸íê´ê´ê³¼	ê¸°ì¡´
0000406	ì¸ë¬¸ì¬íê³ì´	ì¬íë³µì§ê²½ìê³¼	ê¸°ì¡´
0000406	ì¸ë¬¸ì¬íê³ì´	ì¬íë³µì§ê²½ìê³¼	ê¸°ì¡´
0001292	ì¸ë¬¸ì¬íê³ì´	ì¬íë³µì§ê³¼	íê³¼
0001292	ì¸ë¬¸ì¬íê³ì´	ì¬íë³µì§ê³¼	íê³¼
0001292	ì¸ë¬¸ì¬íê³ì´	ì¬íë³µì§ê³¼	íê³¼
0040071	ì¸ë¬¸ì¬íê³ì´	ì¬íë³µì§ê³¼ ì¬íë³µì§ì ê³µ	íê³¼
0051158	ì¸ë¬¸ì¬íê³ì´	ì¬íë³µì§ê³¼ ì¬íë³µì§ì ê³µ(3ëì )	íê³¼
0040070	ì¸ë¬¸ì¬íê³ì´	ì¬íë³µì§ê³¼ ìëë³´ì¡ë³µì§ì ê³µ	íê³¼
0040070	ì¸ë¬¸ì¬íê³ì´	ì¬íë³µì§ê³¼ ìëë³´ì¡ë³µì§ì ê³µ	íê³¼
0040070	ì¸ë¬¸ì¬íê³ì´	ì¬íë³µì§ê³¼ ìëë³´ì¡ë³µì§ì ê³µ	íê³¼
0051112	ì¸ë¬¸ì¬íê³ì´	ì¬íë³µì§ê³¼ ìëì¬ë¦¬ë³´ì¡ì ê³µ(3ëì )	íê³¼
0040552	ì¸ë¬¸ì¬íê³ì´	ì¬íë³µì§ê³¼(3ëì )	ê¸°ì¡´
0040552	ì¸ë¬¸ì¬íê³ì´	ì¬íë³µì§ê³¼(3ëì )	íê³¼
0001295	ì¸ë¬¸ì¬íê³ì´	ì¬íë³µì§íê³¼	ê¸°ì¡´
0001802	ì¸ë¬¸ì¬íê³ì´	ìëë³´ì¡ê³¼	íê³¼
0049924	ì¸ë¬¸ì¬íê³ì´	ìì ì ê³µíê³¼	ì ì¤
0000931	ì¸ë¬¸ì¬íê³ì´	í­ê³µìë¹ì¤ê³¼	ê¸°ì¡´
0040646	ì¸ë¬¸ì¬íê³ì´	í­ê³µìë¹ì¤íê³¼	ê¸°ì¡´
0052880	ìì°ê³¼íê³ì´	ë°ë ¤ëë¬¼ë³´ê±´ê³¼(3ëì )	ê¸°ì¡´
0048107	ìì°ê³¼íê³ì´	ë°ë ¤ëë¬¼ê³¼	íê³¼
0053132	ìì°ê³¼íê³ì´	ë°ë ¤ëë¬¼ì°ìê³¼	ê¸°ì¡´
0041141	ìì°ê³¼íê³ì´	ë·°í°ì¤íì¼ë¦¬ì¤í¸ê³¼ ë©ì´í¬ìì ê³µ	ê¸°ì¡´
0041142	ìì°ê³¼íê³ì´	ë·°í°ì¤íì¼ë¦¬ì¤í¸ê³¼ ì¤í¨ì¼ì´ì ê³µ	ê¸°ì¡´
0041131	ìì°ê³¼íê³ì´	ë·°í°ì¤íì¼ë¦¬ì¤í¸ê³¼ í¤ì´ëìì¸ì ê³µ	ê¸°ì¡´
0041131	ìì°ê³¼íê³ì´	ë·°í°ì¤íì¼ë¦¬ì¤í¸ê³¼ í¤ì´ëìì¸ì ê³µ	íê³¼
0055400	ìì°ê³¼íê³ì´	ë·°í°ì¤íì¼ë¦¬ì¤í¸íê³¼	ê¸°ì¡´
0038757	ìì°ê³¼íê³ì´	ë³´ê±´ìë£íì ê³¼(ìì°ê³)	ê¸°ì¡´
0001728	ìì°ê³¼íê³ì´	ë³´ê±´ìë£íì íê³¼	ê¸°ì¡´
0048069	ìì°ê³¼íê³ì´	í¨ìëìì¸ë¹ì¦ëì¤ê³¼	ê¸°ì¡´
0041344	ìì°ê³¼íê³ì´	í¨ìì°ìê³¼	íê³¼
0004223	ìì°ê³¼íê³ì´	í¸ëì¤íì¼ë§ê³¼	íê³¼
0004108	ìì°ê³¼íê³ì´	í¸íì¡°ë¦¬ê³¼	íê³¼
0004108	ìì°ê³¼íê³ì´	í¸íì¡°ë¦¬ê³¼	íê³¼
0004108	ìì°ê³¼íê³ì´	í¸íì¡°ë¦¬ê³¼	íê³¼
0004193	ìì°ê³¼íê³ì´	í¸íì¡°ë¦¬íê³¼	íê³¼
0000762	ìì°ê³¼íê³ì´	í¸íì¸ìê²½ìíê³¼	íê³¼
0004100	ìì°ê³¼íê³ì´	í¸íì¸ìì¡°ë¦¬ê³¼	ê¸°ì¡´
0004100	ìì°ê³¼íê³ì´	í¸íì¸ìì¡°ë¦¬ê³¼	ê¸°ì¡´
0041130	ìì°ê³¼íê³ì´	í¸íì¸ìì¡°ë¦¬ê³¼ í¸íì¡°ë¦¬ì ê³µ	íê³¼
0041130	ìì°ê³¼íê³ì´	í¸íì¸ìì¡°ë¦¬ê³¼ í¸íì¡°ë¦¬ì ê³µ	íê³¼
0041129	ìì°ê³¼íê³ì´	í¸íì¸ìì¡°ë¦¬ê³¼ í¸íì¸ìê²½ìì ê³µ	íê³¼
0041129	ìì°ê³¼íê³ì´	í¸íì¸ìì¡°ë¦¬ê³¼ í¸íì¸ìê²½ìì ê³µ	íê³¼
0052873	ìì°ê³¼íê³ì´	í¸íì¸ìì¡°ë¦¬ê³¼ ì¤ë§í¸F&Bìë¹ì¤ì ê³µ	ê¸°ì¡´
0053005	ìì°ê³¼íê³ì´	í¸íì¸ìì¡°ë¦¬ê³¼ ì¤ë§í¸ììì¡°ë¦¬ì ê³µ	ê¸°ì¡´
0051199	ìì°ê³¼íê³ì´	í¸íì¸ìì¡°ë¦¬ê³¼ ì¹´íÂ·ë² ì´ì»¤ë¦¬ì ê³µ	íê³¼
0051199	ìì°ê³¼íê³ì´	í¸íì¸ìì¡°ë¦¬ê³¼ ì¹´íÂ·ë² ì´ì»¤ë¦¬ì ê³µ	íê³¼
0051845	ìì°ê³¼íê³ì´	ì¤ë§í¸ F&Bìë¹ì¤ ì ê³µ	íê³¼
0054445	ìì°ê³¼íê³ì´	ìê¸êµ¬ì¡°ê³¼(3ëì )	ê¸°ì¡´
0004056	ìì°ê³¼íê³ì´	ìíììê³¼	íê³¼
0004056	ìì°ê³¼íê³ì´	ìíììê³¼	íê³¼
0004294	ìì°ê³¼íê³ì´	ìíììê³¼(3ëì )	íê³¼
0004061	ìì°ê³¼íê³ì´	ìíììíê³¼	ê¸°ì¡´
0048400	ìì°ê³¼íê³ì´	ìíììíê³¼(3ëì )	ê¸°ì¡´
0004403	ìì°ê³¼íê³ì´	ììì¹ë£ê³¼	ì ì¤
0054448	ìì°ê³¼íê³ì´	ì¹´íÂ·ë² ì´ì»¤ë¦¬ê³¼	íê³¼
0054448	ìì°ê³¼íê³ì´	ì¹´íÂ·ë² ì´ì»¤ë¦¬ê³¼	ê¸°ì¡´
0057275	ìì°ê³¼íê³ì´	ì¹´íÂ·ë² ì´ì»¤ë¦¬íê³¼	ë³ê²½
0057275	ìì°ê³¼íê³ì´	ì¹´íÂ·ë² ì´ì»¤ë¦¬íê³¼	íê³¼
0054446	ìì°ê³¼íê³ì´	ì¹ê¸°ê³µê³¼(3ëì )	ê¸°ì¡´
0054447	ìì°ê³¼íê³ì´	ì¹ììê³¼(3ëì )	ê¸°ì¡´
0004973	ìì²´ë¥ê³ì´	ê´ê³ ììëìì¸ê³¼(ìì²´ë¥ê³ì´)	íê³¼
0004926	ìì²´ë¥ê³ì´	ê±´ì¶ì¸íë¦¬ì´íë¶ ì¸íë¦¬ì´ëìì¸ì ê³µ	íê³¼
0041131	ìì²´ë¥ê³ì´	ë·°í°ì¤íì¼ë¦¬ì¤í¸ê³¼ í¤ì´ëìì¸ì ê³µ	ê¸°ì¡´
0005466	ìì²´ë¥ê³ì´	ë·°í°ì¤íì¼ë¦¬ì¤í¸ê³¼(ìì²´ë¥ê³ì´)	íê³¼
0005466	ìì²´ë¥ê³ì´	ë·°í°ì¤íì¼ë¦¬ì¤í¸ê³¼(ìì²´ë¥ê³ì´)	íê³¼
0005480	ìì²´ë¥ê³ì´	ë·°í°ìì¤íí±ê³¼	íê³¼
0005429	ìì²´ë¥ê³ì´	í¨ìì¤íì¼ë¦¬ì¤í¸ê³¼	íê³¼
0005429	ìì²´ë¥ê³ì´	í¨ìì¤íì¼ë¦¬ì¤í¸ê³¼	íê³¼
0005516	ìì²´ë¥ê³ì´	í¨ìì¤íì¼ë¦¬ì¤í¸ê³¼(3ëì )	íê³¼
0005736	ìì²´ë¥ê³ì´	ì¤í¬ì¸ ì¬íê³¼	ê¸°ì¡´
0041143	ìì²´ë¥ê³ì´	ì¤í¬ì¸ ì¼ì´ê³¼	íê³¼
0005569	ìì²´ë¥ê³ì´	ì¬íì²´ì¡ê³¼	íê³¼
0005569	ìì²´ë¥ê³ì´	ì¬íì²´ì¡ê³¼	íê³¼
0004531	ìì²´ë¥ê³ì´	ìê°ëìì¸ê³¼	íê³¼
0041140	ìì²´ë¥ê³ì´	ìê°ëìì¸ê³¼ ëì§í¸ë¯¸ëì´ì ê³µ	íê³¼
0041139	ìì²´ë¥ê³ì´	ìê°ëìì¸ê³¼ ì°ìê·¸ëí½ì ê³µ	íê³¼
0041138	ìì²´ë¥ê³ì´	ìê°ëìì¸ê³¼ ìê°ì ë³´ëìì¸ì ê³µ	íê³¼
0046042	ìì²´ë¥ê³ì´	ìê°ëìì¸ê³¼(3ëì )	ê¸°ì¡´
0004559	ìì²´ë¥ê³ì´	ìê°ëìì¸ê³¼(ìì²´ë¥ê³ì´)	íê³¼
0004559	ìì²´ë¥ê³ì´	ìê°ëìì¸ê³¼(ìì²´ë¥ê³ì´)	íê³¼
0005216	ìì²´ë¥ê³ì´	ììì½íì¸ ê³¼	íê³¼
0052881	ìì²´ë¥ê³ì´	ììì½íì¸ ê³¼ ë´ë¯¸ëì´ì½íì¸ ì ê³µ(3ëì )	ê¸°ì¡´
0052882	ìì²´ë¥ê³ì´	ììì½íì¸ ê³¼ ììì½íì¸ ì ìì ê³µ(3ëì )	ê¸°ì¡´
0051159	ìì²´ë¥ê³ì´	ììì½íì¸ ê³¼(3ëì )	íê³¼
0051173	ìì²´ë¥ê³ì´	ì¹í°ë§íì½íì¸ ê³¼(3ëì )	ê¸°ì¡´
0051162	ìì²´ë¥ê³ì´	K-POPê³¼(3ëì )	ê¸°ì¡´
